0,[],0,0
1,[0],0.0454548465145,1
2,[0],0.238124060566,0
3,[0],0.255717192254,0
4,[0],0.394538842847,1
5,[0],0.39806655173,1
6,[0],0.433009352299,1
7,[0],0.547679660959,0
8,[0],0.567385154205,0
9,[0],0.644619619944,1
10,[0],0.650104837317,0
11,[0],0.664891131707,0
12,[0],0.68405807698,0
13,[0],0.727888546155,1
14,[0],0.738689351048,1
15,[0],0.741057819305,1
16,[0],0.848991830744,0
17,[0],0.952963673141,0
18,[0],1.03477010725,1
19,[1],1.08224927307,1
20,[1],1.09665150256,1
21,[1],1.12436223694,1
22,[3],1.30545220371,0
23,"[2, 3]",1.41331578167,0
24,"[3, 2]",1.46548907425,0
25,[2],1.51918339162,0
26,"[2, 3]",1.53176762879,0
27,"[3, 2]",1.54331187296,0
28,"[5, 4]",1.59558324546,1
29,"[1, 4]",1.66033492948,1
30,"[6, 4]",1.72443780989,1
31,"[1, 13]",1.73582724887,1
32,"[7, 8]",1.74916255682,0
33,"[5, 15]",1.75556585766,1
34,"[12, 3]",1.83770639236,0
35,"[8, 16]",1.87595431189,0
36,"[2, 8]",1.87847674767,0
37,[2],2.01349742715,0
38,"[8, 17]",2.1407190723,0
39,"[8, 3]",2.25398948107,0
40,"[15, 9]",2.35680389146,1
41,"[11, 2]",2.38710924571,0
42,"[4, 9]",2.42677203526,1
43,"[7, 12]",2.4479624404,0
44,"[14, 15]",2.45613625262,1
45,"[15, 5]",2.53322081147,1
46,"[16, 10]",2.62885356402,0
47,"[7, 11]",2.68164786,0
48,"[15, 14]",2.74501546026,1
49,"[25, 12]",2.7571993891,0
50,"[31, 30]",2.79369641284,1
51,"[10, 16]",2.79519991339,0
52,"[11, 24]",2.80019411677,0
53,[34],2.84868563143,0
54,"[28, 30]",2.90427531624,1
55,"[35, 24]",3.00866139975,0
56,"[19, 18]",3.07566945379,1
57,"[10, 32]",3.08551086988,0
58,"[33, 18]",3.18857053256,1
59,"[32, 35]",3.27337880019,0
60,"[14, 30]",3.33503985054,1
61,"[23, 32]",3.56621016098,0
62,"[10, 35]",3.572593471,0
63,"[30, 18]",3.58435142117,1
64,"[35, 23]",3.58803141988,0
65,"[45, 40]",3.60612928168,1
66,"[31, 33]",3.61179401941,1
67,"[44, 28]",3.61322018154,1
68,"[18, 30]",3.61827237041,1
69,"[44, 28]",3.62656910851,1
70,"[31, 30]",3.73780239297,1
71,"[40, 42]",3.74253091154,1
72,"[29, 31]",3.74535524802,1
73,"[49, 38]",3.78551873965,0
74,"[47, 52]",3.80118397283,0
75,"[42, 18]",3.84225823883,1
76,[32],3.89582248743,0
77,"[39, 37]",3.93119475225,0
78,"[20, 33]",3.99971603459,1
79,"[50, 29]",4.00479626239,1
80,"[36, 41]",4.04721667784,0
81,"[27, 38]",4.08085477085,0
82,"[51, 46]",4.13297938423,0
83,"[44, 50]",4.14652108201,1
84,"[55, 26]",4.18270347361,0
85,[50],4.20690972761,1
86,"[49, 27]",4.28869820497,0
87,"[43, 38]",4.29086331551,0
88,"[47, 49]",4.35020080466,0
89,"[46, 36]",4.35514030274,0
90,"[46, 43]",4.41929932246,0
91,"[44, 56]",4.50194016138,1
92,"[36, 49]",4.52914667148,0
93,"[53, 41]",4.54833040764,0
94,"[40, 42]",4.57531811,1
95,"[52, 62]",4.5780468676,0
96,[57],4.60255078251,0
97,"[43, 53]",4.63538524121,0
98,"[43, 53]",4.64479786483,0
99,"[58, 66]",4.6815373114,1
100,"[20, 69]",4.74637022663,1
101,"[61, 55]",4.85726825085,0
102,"[74, 61]",4.88690169514,0
103,"[65, 79]",5.05748321879,1
104,"[80, 64]",5.07955107601,0
105,"[71, 66]",5.20066719833,1
106,"[60, 56]",5.22765181735,1
107,"[63, 68]",5.29531065278,1
108,"[86, 82]",5.34997376162,0
109,"[63, 54]",5.38405301895,1
110,"[60, 66]",5.41534311025,1
111,"[88, 64]",5.4682686441,0
112,"[82, 76]",5.46861170136,0
113,"[87, 84]",5.52880676024,0
114,"[89, 87]",5.53667237906,0
115,"[69, 48]",5.61159644514,1
116,"[87, 95]",5.64935813445,0
117,"[72, 68]",5.65264447909,1
118,"[87, 80]",5.7299960677,0
119,"[92, 73]",5.82061129871,0
120,"[64, 86]",5.93011432382,0
121,"[65, 60]",5.95663501362,1
122,"[94, 99]",5.96643959185,1
123,"[72, 68]",5.98673693587,1
124,"[63, 48]",5.99726234694,1
125,"[59, 64]",6.0039751313,0
126,"[99, 71]",6.11193018854,1
127,"[90, 84]",6.14939172231,0
128,"[82, 90]",6.20500464513,0
129,"[103, 94]",6.32330093327,1
130,[102],6.36074701592,0
131,"[95, 102]",6.5095024156,0
132,"[113, 102]",6.56013365914,0
133,"[114, 93]",6.57575030042,0
134,[103],6.57945480147,1
135,"[107, 115]",6.61496370803,1
136,"[105, 117]",6.82330639722,1
137,"[22, 111]",7.09835862543,0
138,"[112, 104]",7.09992173255,0
139,[115],7.10678280769,1
140,"[112, 111]",7.16175904794,0
141,"[106, 121]",7.18583953845,1
142,"[121, 109]",7.23660587552,1
143,"[98, 111]",7.25419416928,0
144,[119],7.25490752424,0
145,"[110, 121]",7.53477361638,1
146,"[100, 115]",7.57427030566,1
147,"[121, 21]",7.6802007542,1
148,"[77, 104]",7.68105961456,0
149,"[124, 117]",7.69551635015,1
150,"[119, 112]",7.70676260081,0
151,"[135, 100]",7.75269425332,1
152,"[85, 67]",7.81265976903,1
153,"[119, 96]",7.8572062849,0
154,"[83, 126]",7.90728948645,1
155,"[121, 109]",7.91443083775,1
156,"[83, 141]",8.21756423253,1
157,"[110, 75]",8.41269312635,1
158,"[143, 97]",8.42415235691,0
159,"[133, 96]",8.42840002892,0
160,"[139, 67]",8.57497670041,1
161,"[141, 126]",8.66226926884,1
162,[136],8.6937741248,1
163,"[149, 70]",8.73009164664,1
164,"[116, 131]",8.74633738007,0
165,"[148, 143]",8.79482311567,0
166,"[129, 151]",8.80057612952,1
167,"[129, 122]",8.80385308143,1
168,"[146, 129]",8.80955072443,1
169,"[131, 132]",8.8447663169,0
170,"[122, 70]",8.85453750925,1
171,"[154, 155]",8.95670802816,1
172,"[138, 101]",9.04743167166,0
173,"[128, 138]",9.2026656791,0
174,"[70, 136]",9.27496824588,1
175,"[136, 149]",9.28043309891,1
176,"[149, 152]",9.3554471619,1
177,"[133, 116]",9.36527303469,0
178,"[146, 152]",9.41723814385,1
179,"[134, 136]",9.54684317637,1
180,"[138, 131]",9.64173069205,0
181,"[118, 130]",9.69054843784,0
182,"[70, 149]",9.69665616176,1
183,"[163, 161]",9.73895353852,1
184,"[78, 162]",9.74645843714,1
185,"[144, 140]",9.79366629742,0
186,"[166, 163]",9.83611446175,1
187,"[137, 118]",9.87212010591,0
188,"[128, 165]",9.88659066762,0
189,[170],9.91590501992,1
190,"[157, 134]",9.95418374592,1
191,"[127, 130]",10.1123367382,0
192,"[120, 153]",10.1833839567,0
193,[167],10.2017334023,1
194,"[161, 166]",10.2115888193,1
195,[173],10.2621847642,0
196,"[81, 144]",10.2695805551,0
197,"[108, 173]",10.2720647862,0
198,"[167, 174]",10.3944670732,1
199,"[108, 173]",10.3998814353,0
200,"[130, 108]",10.4265693945,0
201,[165],10.4279167963,0
202,"[144, 125]",10.4521508646,0
203,"[123, 166]",10.5786995249,1
204,"[153, 81]",10.6862570935,0
205,"[120, 165]",10.7443374203,0
206,"[158, 172]",10.8125702014,0
207,"[168, 179]",10.9462108353,1
208,"[186, 160]",11.0699703429,1
209,"[156, 171]",11.1249005683,1
210,"[188, 169]",11.1537603322,0
211,"[125, 172]",11.183272944,0
212,"[108, 188]",11.1837832817,0
213,"[186, 123]",11.2063236444,1
214,"[168, 147]",11.252526856,1
215,"[187, 191]",11.3462203986,0
216,"[160, 168]",11.4662226626,1
217,"[197, 159]",11.5460831851,0
218,"[196, 177]",11.5492854594,0
219,[194],11.5622964603,1
220,"[171, 178]",11.5626205303,1
221,"[176, 189]",11.5719627722,1
222,"[178, 190]",11.6327925826,1
223,"[185, 177]",11.6440960873,0
224,"[180, 188]",11.6812273984,0
225,"[179, 168]",11.7365172078,1
226,"[184, 179]",11.7754818962,1
227,"[205, 159]",11.8223836447,0
228,"[185, 159]",11.846696293,0
229,"[190, 183]",11.9052724119,1
230,"[164, 177]",11.9149384328,0
231,"[91, 184]",11.9227688743,1
232,"[150, 164]",11.951866072,0
233,"[197, 205]",11.9943217104,0
234,"[181, 159]",12.0253002652,0
235,"[91, 176]",12.1597256561,1
236,"[185, 210]",12.393132551,0
237,"[215, 164]",12.4175890279,0
238,"[202, 196]",12.4192035036,0
239,"[145, 214]",12.4656039938,1
240,"[198, 189]",12.4833894881,1
241,"[216, 193]",12.4952044955,1
242,[208],12.5259778231,1
243,[209],12.537708038,1
244,"[210, 177]",12.544044158,0
245,"[213, 184]",12.6741704546,1
246,"[220, 221]",12.6896593724,1
247,"[223, 164]",12.730546609,0
248,"[200, 210]",12.7358407016,0
249,"[175, 220]",12.7578561843,1
250,"[211, 199]",12.7587669094,0
251,"[217, 210]",12.8138897546,0
252,"[223, 206]",12.8186919317,0
253,"[222, 213]",12.8262321289,1
254,"[209, 221]",12.8496322833,1
255,"[200, 164]",12.8654103665,0
256,"[193, 219]",12.9467454569,1
257,"[227, 228]",12.9781616272,0
258,"[229, 221]",12.9874721834,1
259,"[218, 223]",13.1448165076,0
260,[209],13.1658564807,1
261,[217],13.2500932159,0
262,"[224, 192]",13.2571060593,0
263,"[236, 228]",13.4319442824,0
264,"[142, 198]",13.4579058362,1
265,[206],13.491645826,0
266,"[240, 221]",13.6257963092,1
267,"[235, 243]",13.6683954319,1
268,[247],13.7481834388,0
269,[246],13.8072938559,1
270,"[252, 248]",13.8218298899,0
271,"[250, 252]",13.9084837684,0
272,"[204, 237]",13.9125355169,0
273,"[230, 227]",13.9566903407,0
274,"[230, 250]",14.0032258067,0
275,"[242, 240]",14.0199110776,1
276,"[252, 250]",14.0957783404,0
277,"[212, 218]",14.1377272231,0
278,"[240, 207]",14.2406288793,1
279,"[239, 203]",14.2805698171,1
280,"[241, 258]",14.3916732321,1
281,"[248, 257]",14.4715998154,0
282,"[182, 253]",14.4846653057,1
283,"[261, 232]",14.5556240358,0
284,"[195, 247]",14.5991611766,0
285,"[212, 250]",14.6872004524,0
286,"[257, 251]",14.6993970475,0
287,"[245, 239]",14.737454376,1
288,"[260, 253]",14.7500202823,1
289,"[266, 256]",14.8107539643,1
290,"[268, 232]",14.8311172727,0
291,"[270, 195]",14.8940121085,0
292,"[234, 244]",14.9067995668,0
293,"[258, 203]",14.9294020548,1
294,"[259, 272]",14.995456887,0
295,"[272, 262]",15.1806423216,0
296,"[276, 270]",15.2336556919,0
297,"[267, 275]",15.244777703,1
298,"[244, 268]",15.2649429301,0
299,"[249, 226]",15.3373986662,1
300,"[269, 279]",15.4054617423,1
301,"[264, 260]",15.4760846608,1
302,"[282, 264]",15.6255075081,1
303,"[272, 276]",15.635760484,0
304,"[271, 286]",15.73959417,0
305,"[259, 272]",15.7415802088,0
306,"[269, 264]",15.7525360615,1
307,"[289, 267]",15.8538663715,1
308,"[289, 275]",15.8871537609,1
309,"[274, 259]",15.911414756,0
310,"[287, 249]",15.9438280856,1
311,"[272, 233]",15.953344991,0
312,[289],15.9974990941,1
313,"[289, 280]",16.0112310484,1
314,[265],16.0689790195,0
315,"[280, 293]",16.1161020795,1
316,"[283, 286]",16.2756746629,0
317,"[286, 271]",16.3068545161,0
318,"[294, 277]",16.3236704772,0
319,"[287, 297]",16.3284690785,1
320,"[295, 271]",16.3712466732,0
321,"[294, 274]",16.3770511068,0
322,"[264, 231]",16.3811185622,1
323,"[300, 289]",16.4097213586,1
324,"[263, 295]",16.4225485648,0
325,"[300, 280]",16.4917451098,1
326,"[287, 297]",16.5081242805,1
327,"[301, 293]",16.6262193016,1
328,"[297, 289]",16.6505348567,1
329,[295],16.6918026881,0
330,"[299, 302]",16.8610886759,1
331,"[287, 308]",16.9023466963,1
332,"[287, 300]",16.9032664884,1
333,"[265, 295]",16.9074534408,0
334,[293],16.9490595213,1
335,"[310, 308]",17.1213098274,1
336,"[291, 263]",17.1311470435,0
337,"[302, 313]",17.134541994,1
338,"[310, 300]",17.1867861147,1
339,"[315, 301]",17.1885203412,1
340,"[306, 297]",17.2034534373,1
341,"[307, 300]",17.2199725305,1
342,"[296, 314]",17.2835431937,0
343,[302],17.3960576894,1
344,"[304, 311]",17.4029246313,0
345,"[320, 290]",17.4142550243,0
346,[278],17.4985816022,1
347,"[316, 298]",17.5680644383,0
348,"[325, 225]",17.6080011659,1
349,"[320, 321]",17.6839561231,0
350,"[316, 309]",17.6987147694,0
351,"[310, 302]",17.7628600792,1
352,"[324, 238]",17.8075855074,0
353,"[254, 302]",17.8096226135,1
354,[328],17.9384790789,1
355,"[238, 318]",18.0060961439,0
356,"[307, 325]",18.0132051113,1
357,"[303, 201]",18.0231954602,0
358,"[284, 311]",18.0456251613,0
359,"[305, 296]",18.1159834715,0
360,"[330, 323]",18.1226407083,1
361,"[303, 311]",18.1352217348,0
362,"[324, 329]",18.1445813113,0
363,"[281, 273]",18.1682873774,0
364,"[304, 201]",18.1683320771,0
365,"[337, 330]",18.1790219593,1
366,"[336, 281]",18.1844889143,0
367,"[330, 332]",18.233688424,1
368,"[336, 316]",18.2695684141,0
369,"[329, 298]",18.3350268503,0
370,"[304, 316]",18.3461928714,0
371,"[330, 331]",18.526554885,1
372,[329],18.5614806771,0
373,"[344, 309]",18.6039538367,0
374,"[326, 327]",18.6497069446,1
375,"[344, 317]",18.6598556594,0
376,"[303, 292]",18.6604623735,0
377,"[336, 342]",18.6888137133,0
378,"[349, 350]",18.7136430997,0
379,"[201, 238]",18.7486793247,0
380,[336],18.7621188925,0
381,"[305, 238]",18.7883139302,0
382,"[331, 323]",18.8904510421,1
383,"[288, 346]",18.9875271173,1
384,"[348, 335]",19.0057743227,1
385,"[355, 284]",19.028107275,0
386,"[331, 338]",19.054691315,1
387,"[355, 292]",19.0759311811,0
388,"[327, 339]",19.1346756317,1
389,"[359, 366]",19.2021678624,0
390,"[341, 332]",19.2112338697,1
391,"[347, 352]",19.2726228825,0
392,"[359, 350]",19.2871513667,0
393,"[366, 350]",19.6310395026,0
394,"[288, 374]",19.6533777508,1
395,"[341, 322]",19.6743200664,1
396,[376],19.8031394746,0
397,"[319, 334]",19.8203398774,1
398,"[376, 370]",19.8311295345,0
399,"[367, 346]",19.845701886,1
400,"[322, 341]",19.8624042433,1
401,"[339, 382]",19.9660865125,1
402,"[364, 363]",19.9681592999,0
403,"[340, 384]",20.0790189842,1
404,"[339, 382]",20.127501949,1
405,"[375, 377]",20.1276949295,0
406,"[383, 365]",20.1731937344,1
407,"[385, 361]",20.177583308,0
408,"[378, 387]",20.2057860997,0
409,"[255, 363]",20.2141059183,0
410,"[383, 340]",20.273884601,1
411,"[356, 340]",20.276643052,1
412,"[372, 361]",20.2825858662,0
413,"[351, 384]",20.2831235332,1
414,"[387, 369]",20.2958945968,0
415,"[322, 374]",20.3032663626,1
416,"[386, 365]",20.3212217674,1
417,"[363, 375]",20.3476517033,0
418,"[391, 392]",20.3485656944,0
419,"[381, 363]",20.394748396,0
420,[345],20.4077970882,0
421,"[353, 340]",20.4141107559,1
422,"[356, 319]",20.4891829307,1
423,[376],20.5394354056,0
424,"[374, 388]",20.596444721,1
425,"[361, 378]",20.7088521199,0
426,"[390, 394]",20.7277167325,1
427,"[354, 334]",20.7294848708,1
428,"[395, 382]",20.767081868,1
429,"[354, 340]",20.7953462744,1
430,"[378, 385]",20.924069733,0
431,"[386, 351]",21.0641157383,1
432,"[390, 401]",21.0762680657,1
433,"[399, 386]",21.0776864628,1
434,"[405, 333]",21.1487451285,0
435,"[351, 354]",21.1701382582,1
436,"[381, 405]",21.2423506579,0
437,"[285, 405]",21.2887264195,0
438,"[343, 399]",21.3368465865,1
439,"[403, 416]",21.4063363027,1
440,"[416, 399]",21.4328313091,1
441,"[333, 398]",21.5209654236,0
442,"[394, 416]",21.5311606782,1
443,"[399, 410]",21.5590709206,1
444,"[405, 398]",21.6720258972,0
445,"[424, 416]",21.6751897114,1
446,"[333, 405]",21.8120657209,0
447,"[373, 405]",21.8294270441,0
448,"[424, 421]",21.8959504283,1
449,"[368, 405]",21.9046122261,0
450,"[409, 362]",21.926199358,0
451,"[423, 368]",21.9586842,0
452,"[420, 409]",21.9867702487,0
453,"[379, 408]",22.1184225743,0
454,"[413, 421]",22.2084798063,1
455,"[424, 433]",22.2558431506,1
456,"[371, 404]",22.2911083481,1
457,"[434, 389]",22.3125966969,0
458,"[409, 430]",22.3167295739,0
459,"[434, 418]",22.3460252837,0
460,"[417, 398]",22.3528427673,0
461,"[418, 362]",22.3672411537,0
462,"[398, 362]",22.4230874188,0
463,"[438, 439]",22.4476689974,1
464,"[439, 431]",22.4744889317,1
465,"[425, 373]",22.5274877763,0
466,"[393, 414]",22.6141676331,0
467,"[407, 420]",22.6254735296,0
468,"[312, 428]",22.7233231163,1
469,"[413, 439]",22.7672807612,1
470,"[421, 406]",22.7954455702,1
471,"[404, 429]",22.8004218659,1
472,"[389, 358]",22.8104553498,0
473,"[417, 423]",22.8932812625,0
474,"[411, 312]",22.9449181556,1
475,"[412, 407]",22.9574434752,0
476,"[429, 432]",22.9785428319,1
477,"[411, 427]",22.97855229,1
478,"[435, 439]",23.0143701162,1
479,"[371, 445]",23.0673381762,1
480,"[435, 432]",23.117918457,1
481,"[422, 411]",23.2253477127,1
482,"[402, 446]",23.2302115146,0
483,"[452, 418]",23.2553135004,0
484,"[443, 360]",23.2909673844,1
485,"[439, 448]",23.3011468338,1
486,"[407, 458]",23.3884139841,0
487,"[427, 448]",23.3964511026,1
488,"[459, 457]",23.4488978672,0
489,"[463, 454]",23.5568211375,1
490,"[448, 426]",23.5647621848,1
491,"[460, 414]",23.6040699923,0
492,"[435, 464]",23.6483031976,1
493,"[419, 465]",23.8038739295,0
494,"[464, 463]",23.8055413007,1
495,"[455, 464]",23.9352005545,1
496,[476],23.9868782527,1
497,"[397, 476]",24.0509077349,1
498,"[448, 476]",24.0735788174,1
499,"[454, 469]",24.1005541767,1
500,"[459, 436]",24.1364138509,0
501,"[466, 444]",24.2503938864,0
502,"[461, 462]",24.2949030056,0
503,"[453, 447]",24.297897115,0
504,"[470, 442]",24.3117057369,1
505,"[470, 484]",24.4422405699,1
506,"[468, 454]",24.4520454066,1
507,"[453, 475]",24.4895367017,0
508,"[461, 467]",24.5230263206,0
509,"[454, 487]",24.5289613413,1
510,"[436, 441]",24.5518437792,0
511,"[477, 400]",24.563620619,1
512,"[486, 449]",24.581502738,0
513,"[472, 460]",24.5921201163,0
514,"[469, 480]",24.682172148,1
515,"[451, 461]",24.7715725692,0
516,"[468, 471]",24.7890399515,1
517,"[486, 441]",24.7902209715,0
518,"[493, 436]",24.8080979423,0
519,"[487, 484]",24.8152419126,1
520,"[447, 449]",24.8459863671,0
521,"[477, 455]",24.8749503931,1
522,"[480, 479]",24.9269095429,1
523,"[495, 468]",24.9367307577,1
524,"[490, 470]",24.9536167254,1
525,"[468, 442]",24.9916619574,1
526,"[447, 466]",25.0359943539,0
527,"[475, 441]",25.0361745105,0
528,"[491, 461]",25.0406826712,0
529,"[473, 472]",25.0519706391,0
530,[451],25.0587851635,0
531,"[467, 488]",25.1794840098,0
532,"[471, 484]",25.1827206513,1
533,"[489, 499]",25.1997186091,1
534,"[491, 500]",25.2054206313,0
535,"[480, 470]",25.2229697294,1
536,"[461, 486]",25.2553559642,0
537,"[490, 442]",25.2623255531,1
538,"[380, 482]",25.3073021512,0
539,"[471, 504]",25.3294691373,1
540,"[380, 488]",25.3714186598,0
541,"[479, 481]",25.3942075143,1
542,"[471, 479]",25.4236112343,1
543,"[503, 488]",25.4518610432,0
544,"[503, 482]",25.4603209754,0
545,"[478, 509]",25.6160860975,1
546,"[479, 474]",25.6179863728,1
547,"[511, 499]",25.7663404764,1
548,"[513, 437]",25.8187793703,0
549,"[482, 491]",25.8993408684,0
550,"[507, 501]",25.9162876577,0
551,"[489, 481]",25.9409018055,1
552,"[511, 505]",25.9614367372,1
553,[520],25.9738065642,0
554,"[504, 522]",26.0086637876,1
555,"[516, 485]",26.0166718916,1
556,"[508, 507]",26.1255904408,0
557,"[522, 521]",26.1445212286,1
558,"[497, 524]",26.2058199696,1
559,"[505, 496]",26.2062876445,1
560,"[517, 437]",26.2863642777,0
561,"[494, 519]",26.2879315488,1
562,"[497, 492]",26.2997986789,1
563,"[522, 497]",26.3093947044,1
564,"[524, 440]",26.31478231,1
565,"[501, 512]",26.3187733418,0
566,[494],26.3351830607,1
567,"[518, 501]",26.4056859105,0
568,"[515, 531]",26.4986020568,0
569,"[456, 537]",26.5433785244,1
570,"[538, 518]",26.5895383896,0
571,"[517, 450]",26.6270437187,0
572,"[529, 526]",26.633780799,0
573,"[540, 527]",26.6340949787,0
574,"[396, 544]",26.6457859242,0
575,"[502, 357]",26.7651131138,0
576,"[531, 518]",26.812559208,0
577,"[502, 536]",26.893177968,0
578,"[539, 440]",26.8952553315,1
579,"[514, 552]",26.9990072392,1
580,[550],27.0068152395,0
581,"[440, 555]",27.0735523118,1
582,"[528, 396]",27.0808831108,0
583,"[536, 483]",27.0880225627,0
584,"[541, 440]",27.1685794742,1
585,"[534, 550]",27.2436009759,0
586,"[483, 544]",27.3154977794,0
587,"[523, 546]",27.3338375268,1
588,"[518, 357]",27.3507868747,0
589,"[557, 561]",27.4211186961,1
590,"[549, 531]",27.4352564421,0
591,"[546, 561]",27.6030636675,1
592,"[533, 569]",27.6289046519,1
593,"[566, 569]",27.7986794432,1
594,"[559, 557]",27.8767264886,1
595,"[567, 576]",27.9056829803,0
596,"[541, 563]",27.9707751428,1
597,"[572, 534]",28.0640935579,0
598,"[574, 530]",28.0694234615,0
599,"[547, 523]",28.166641873,1
600,"[564, 569]",28.1891368153,1
601,[561],28.2124708242,1
602,"[583, 565]",28.2482479194,0
603,"[562, 566]",28.2670550588,1
604,"[577, 583]",28.2920779401,0
605,"[559, 584]",28.354266563,1
606,"[587, 562]",28.3548383158,1
607,"[582, 583]",28.4434689573,0
608,"[572, 548]",28.4716698628,0
609,"[579, 532]",28.5080374988,1
610,"[587, 564]",28.5503003772,1
611,"[542, 532]",28.5612246908,1
612,"[588, 560]",28.6335556971,0
613,"[510, 568]",28.656282904,0
614,"[565, 571]",28.6682502731,0
615,"[572, 583]",28.7820323947,0
616,"[535, 563]",28.9106363693,1
617,"[584, 591]",28.9214077495,1
618,"[587, 584]",28.9331204429,1
619,"[584, 579]",28.946360293,1
620,"[560, 586]",28.9797552331,0
621,"[580, 568]",28.9827870802,0
622,"[574, 571]",29.0330084614,0
623,"[585, 543]",29.057438845,0
624,"[498, 593]",29.1066604958,1
625,"[543, 573]",29.1145306928,0
626,"[597, 575]",29.1212295156,0
627,"[542, 584]",29.2106637064,1
628,"[594, 599]",29.2397387909,1
629,"[596, 589]",29.274869303,1
630,"[596, 545]",29.3292499653,1
631,"[599, 554]",29.3431497887,1
632,"[578, 532]",29.3969817876,1
633,"[553, 597]",29.4252703986,0
634,"[551, 535]",29.47929836,1
635,"[543, 553]",29.5250485779,0
636,"[590, 573]",29.5264478987,0
637,"[593, 551]",29.5361527088,1
638,"[570, 597]",29.6201364915,0
639,"[610, 551]",29.6252791539,1
640,"[543, 585]",29.662942145,0
641,"[609, 592]",29.6813568513,1
642,"[609, 581]",29.7301700233,1
643,"[594, 611]",29.7635080939,1
644,"[498, 609]",29.7943887377,1
645,"[609, 506]",29.9059064647,1
646,"[589, 617]",29.9483417447,1
647,"[608, 620]",30.008105345,0
648,"[619, 618]",30.1969978135,1
649,"[590, 604]",30.2273127492,0
650,"[618, 581]",30.2903712513,1
651,"[614, 623]",30.384930945,0
652,"[590, 612]",30.4181815522,0
653,"[592, 619]",30.4885124301,1
654,"[614, 608]",30.4923456954,0
655,"[609, 630]",30.5259111026,1
656,"[614, 625]",30.5975235935,0
657,"[623, 622]",30.6047744585,0
658,"[558, 631]",30.6134843557,1
659,[636],30.6544897712,0
660,"[634, 609]",30.65687153,1
661,"[640, 604]",30.7452632191,0
662,"[642, 631]",30.7948631839,1
663,"[620, 608]",30.8382211981,0
664,"[619, 606]",30.8698952117,1
665,"[618, 641]",30.9442619972,1
666,"[556, 613]",31.0409757102,0
667,"[626, 625]",31.2717657096,0
668,"[643, 648]",31.3359232438,1
669,"[622, 615]",31.3579883032,0
670,[615],31.3606153924,0
671,"[630, 628]",31.3833561467,1
672,"[633, 640]",31.3947699643,0
673,"[595, 647]",31.4061154522,0
674,"[615, 640]",31.4121167761,0
675,[642],31.4221066648,1
676,"[645, 624]",31.422481897,1
677,"[647, 622]",31.446350294,0
678,"[647, 556]",31.4773607342,0
679,[647],31.5603650971,0
680,"[631, 650]",31.611328317,1
681,"[633, 556]",31.8280209259,0
682,"[644, 600]",31.8351023857,1
683,"[660, 662]",31.843095239,1
684,"[647, 638]",31.8772166114,0
685,"[632, 650]",31.9036009376,1
686,"[556, 652]",31.9126785393,0
687,"[661, 595]",31.9496461818,0
688,"[662, 616]",31.9723159959,1
689,"[600, 658]",32.0019203232,1
690,"[663, 649]",32.0296883388,0
691,"[624, 632]",32.0997807377,1
692,"[652, 654]",32.209746177,0
693,"[665, 525]",32.244595355,1
694,"[654, 615]",32.2685061968,0
695,"[638, 666]",32.3097620111,0
696,"[659, 657]",32.3418520588,0
697,"[658, 665]",32.356484362,1
698,"[666, 633]",32.3635432457,0
699,"[666, 654]",32.3928399382,0
700,"[662, 668]",32.3946119997,1
701,"[651, 654]",32.4150584278,0
702,"[661, 666]",32.4230432548,0
703,"[629, 650]",32.443461425,1
704,"[657, 659]",32.4859093826,0
705,"[661, 621]",32.4884729029,0
706,"[654, 672]",32.5414221701,0
707,"[638, 656]",32.614320941,0
708,"[621, 673]",32.6569373382,0
709,"[671, 646]",32.6633151111,1
710,"[605, 655]",32.6755958257,1
711,"[653, 603]",32.6757410122,1
712,"[678, 663]",32.7624738347,0
713,"[665, 683]",32.9493264446,1
714,"[688, 627]",32.9768396879,1
715,"[668, 605]",33.0839054834,1
716,"[669, 684]",33.1180541923,0
717,"[603, 676]",33.1331291762,1
718,"[676, 671]",33.2027597249,1
719,"[683, 655]",33.2075097596,1
720,"[686, 657]",33.2112709696,0
721,"[665, 668]",33.2317414652,1
722,"[672, 656]",33.2351833995,0
723,"[689, 683]",33.2408120556,1
724,"[656, 692]",33.3228645073,0
725,"[646, 685]",33.3767776668,1
726,"[646, 671]",33.4100426023,1
727,"[693, 685]",33.5181424162,1
728,"[701, 690]",33.5322504363,0
729,"[700, 627]",33.6683386906,1
730,"[602, 695]",33.7347019749,0
731,"[687, 696]",33.7399684573,0
732,"[683, 689]",33.8170931496,1
733,"[711, 683]",33.8537418559,1
734,"[683, 709]",33.8944818726,1
735,"[674, 667]",33.8971595992,0
736,"[705, 692]",33.9215717446,0
737,"[681, 701]",33.9293903045,0
738,"[704, 694]",34.0755747032,0
739,"[689, 691]",34.1060751441,1
740,"[701, 706]",34.1086069935,0
741,"[714, 703]",34.2688274621,1
742,"[708, 720]",34.385770212,0
743,"[682, 664]",34.4554430402,1
744,"[726, 682]",34.4609532021,1
745,"[703, 714]",34.4888621453,1
746,"[667, 724]",34.6689276539,0
747,"[726, 715]",34.7288352404,1
748,[635],34.7505193744,0
749,"[714, 703]",34.7564741313,1
750,"[732, 710]",35.051579058,1
751,"[736, 728]",35.0950632147,0
752,"[81, 725]",35.1746148882,1
753,"[735, 738]",35.2204985458,0
754,"[728, 730]",35.2226194721,0
755,"[728, 670]",35.3767814777,0
756,[742],35.4041860141,0
757,"[730, 735]",35.4250849868,0
758,"[745, 729]",35.6900615804,1
759,"[742, 716]",35.6935714799,0
760,"[742, 748]",35.7576604813,0
761,"[746, 716]",35.7645340783,0
762,"[738, 728]",35.78387695,0
763,"[607, 742]",35.9110358347,0
764,"[733, 739]",35.9232826225,1
765,"[718, 680]",36.0278596532,1
766,"[744, 713]",36.1620225223,1
767,"[750, 743]",36.2109457263,1
768,"[719, 713]",36.3056724048,1
769,"[733, 739]",36.4590963406,1
770,"[744, 752]",36.6501196171,1
771,"[745, 747]",36.6793456957,1
772,"[751, 755]",36.7745251995,0
773,"[760, 756]",36.9177839843,0
774,"[717, 713]",36.9691424399,1
775,"[753, 751]",36.971912479,0
776,"[743, 723]",37.0001346483,1
777,"[765, 764]",37.1137697488,1
778,"[765, 750]",37.1253943476,1
779,[639],37.1264672074,1
780,"[766, 734]",37.2717439269,1
781,"[765, 764]",37.2893907339,1
782,"[764, 727]",37.3010275752,1
783,"[764, 747]",37.3327578459,1
784,"[765, 734]",37.3935496885,1
785,"[756, 761]",37.4003213372,0
786,[639],37.4850867889,1
787,"[747, 721]",37.5545650626,1
788,"[697, 717]",37.5746414002,1
789,[751],37.5799202303,0
790,"[758, 721]",37.6463434636,1
791,"[723, 734]",37.6596379768,1
792,"[762, 763]",37.6818923749,0
793,"[717, 758]",37.6941179026,1
794,"[727, 741]",37.7020994971,1
795,"[721, 767]",37.8047190035,1
796,"[415, 765]",37.8760265985,1
797,"[763, 712]",37.9253646884,0
798,"[765, 741]",37.9846032439,1
799,"[761, 731]",37.9956291515,0
800,"[754, 773]",38.0044004395,0
801,"[768, 771]",38.0121824227,1
802,"[734, 771]",38.1527349203,1
803,"[772, 759]",38.1679568022,0
804,"[697, 781]",38.3935165938,1
805,"[771, 777]",38.4236419647,1
806,"[775, 712]",38.767244703,0
807,"[767, 783]",38.8022391309,1
808,"[785, 707]",38.8051958518,0
809,"[784, 790]",38.9186119202,1
810,"[779, 793]",39.0499867242,1
811,"[780, 790]",39.0813362435,1
812,"[794, 675]",39.0829569908,1
813,"[791, 795]",39.1046596342,1
814,"[799, 800]",39.2488963276,0
815,"[793, 776]",39.4689323045,1
816,"[780, 805]",39.5076838858,1
817,"[737, 785]",39.5317344539,0
818,"[702, 799]",39.5753624606,0
819,"[804, 782]",39.6264648741,1
820,"[802, 769]",39.6355274124,1
821,"[793, 786]",39.6367671601,1
822,"[801, 798]",39.7668025967,1
823,"[801, 769]",39.7944574808,1
824,"[803, 799]",39.8425514711,0
825,"[806, 799]",39.8486876941,0
826,"[799, 808]",39.8537271533,0
827,[806],39.913402173,0
828,"[805, 809]",40.3171864151,1
829,"[702, 677]",40.4165906088,0
830,"[803, 740]",40.4655180673,0
831,"[811, 637]",40.4811182372,1
832,[804],40.4901599944,1
833,[803],40.5591842598,0
834,"[806, 789]",40.5644958032,0
835,"[815, 812]",40.5872138095,1
836,"[801, 804]",40.5899375538,1
837,"[815, 810]",40.6263518968,1
838,[815],40.629329386,1
839,"[812, 820]",40.7884969407,1
840,"[816, 815]",40.8077158183,1
841,"[699, 806]",40.8099487166,0
842,"[806, 740]",40.8424858146,0
843,"[824, 722]",40.8786841871,0
844,"[825, 818]",40.8865598458,0
845,"[814, 757]",40.92122279,0
846,"[819, 778]",41.0410682486,1
847,"[778, 816]",41.136740215,1
848,[826],41.1891085098,0
849,"[807, 788]",41.2070435539,1
850,"[818, 824]",41.2834247699,0
851,"[822, 819]",41.395232432,1
852,"[770, 821]",41.4066408907,1
853,"[814, 817]",41.4503385145,0
854,"[757, 698]",41.4515040392,0
855,"[819, 828]",41.4915257545,1
856,"[816, 828]",41.5238105433,1
857,"[792, 833]",41.5630213578,0
858,"[824, 814]",41.6281952745,0
859,"[822, 835]",41.6746099773,1
860,[797],41.7297595767,0
861,"[835, 836]",41.7438509293,1
862,"[792, 834]",41.8238492416,0
863,"[818, 825]",41.8765123274,0
864,"[822, 807]",41.9354128269,1
865,"[819, 839]",41.9646828803,1
866,"[830, 827]",42.0246129804,0
867,"[830, 845]",42.0294229804,0
868,"[797, 792]",42.0503931347,0
869,"[834, 845]",42.0630257212,0
870,"[749, 839]",42.0813948193,1
871,"[835, 770]",42.1711095761,1
872,"[845, 848]",42.325109924,0
873,"[837, 822]",42.3939848601,1
874,"[830, 797]",42.4529022351,0
875,"[813, 787]",42.4608103917,1
876,"[749, 823]",42.5240454932,1
877,"[848, 833]",42.5478977342,0
878,"[849, 852]",42.597465718,1
879,"[853, 850]",42.6083724829,0
880,"[839, 855]",42.7148640191,1
881,"[856, 823]",42.7225751957,1
882,"[859, 831]",42.7242625496,1
883,"[856, 855]",42.8211815636,1
884,"[860, 843]",42.8331661733,0
885,"[867, 858]",43.098267078,0
886,"[774, 837]",43.1044606685,1
887,"[853, 866]",43.1222340239,0
888,"[867, 862]",43.164282874,0
889,"[871, 846]",43.2498889912,1
890,"[864, 837]",43.3343390973,1
891,"[850, 858]",43.3417044707,0
892,"[787, 871]",43.3721908789,1
893,"[864, 823]",43.4568041019,1
894,"[862, 867]",43.5409067569,0
895,"[859, 873]",43.5574554297,1
896,"[866, 842]",43.5686054636,0
897,"[877, 853]",43.5698419516,0
898,"[866, 850]",43.5793701903,0
899,"[861, 840]",43.639568817,1
900,"[874, 843]",43.6952367069,0
901,"[869, 868]",43.717487827,0
902,"[846, 880]",43.9828232506,1
903,"[878, 796]",44.0654042748,1
904,"[882, 883]",44.1067259256,1
905,"[881, 886]",44.1129220246,1
906,"[871, 861]",44.2396416142,1
907,"[869, 884]",44.2701756201,0
908,"[878, 875]",44.3229789004,1
909,"[889, 882]",44.3519578097,1
910,"[881, 878]",44.3636338746,1
911,"[875, 865]",44.4312387377,1
912,"[869, 887]",44.4460427695,0
913,"[888, 869]",44.4581883867,0
914,"[840, 889]",44.464206157,1
915,"[868, 888]",44.5391985233,0
916,"[899, 870]",45.0324096803,1
917,"[879, 829]",45.0325509313,0
918,"[875, 882]",45.0545004842,1
919,"[885, 829]",45.1317145346,0
920,"[884, 854]",45.1639276339,0
921,"[890, 832]",45.2087306451,1
922,"[863, 888]",45.2418459519,0
923,"[904, 847]",45.2425882147,1
924,"[897, 907]",45.3228100183,0
925,"[898, 872]",45.3638020011,0
926,"[896, 898]",45.4631749292,0
927,"[903, 832]",45.492636495,1
928,"[903, 911]",45.5003036457,1
929,"[899, 911]",45.5381796775,1
930,"[872, 896]",45.5652966316,0
931,"[872, 901]",45.6456889699,0
932,"[913, 891]",45.6525165315,0
933,"[892, 847]",45.6608501676,1
934,"[908, 904]",45.7587906801,1
935,"[912, 900]",45.7791725378,0
936,"[832, 908]",46.0393669019,1
937,"[844, 872]",46.0487083277,0
938,"[902, 906]",46.0956580031,1
939,"[903, 918]",46.2247088471,1
940,"[906, 910]",46.2345087255,1
941,"[893, 905]",46.3058498692,1
942,"[897, 896]",46.3134086496,0
943,[896],46.3456203615,0
944,"[909, 906]",46.3795003483,1
945,"[908, 905]",46.4599116279,1
946,"[894, 917]",46.4883733646,0
947,"[902, 893]",46.5384470435,1
948,"[902, 928]",46.5976990205,1
949,"[919, 912]",46.6348143575,0
950,"[921, 929]",46.6817350767,1
951,"[925, 900]",46.7785354072,0
952,"[925, 857]",46.8410684729,0
953,"[844, 894]",46.8852398536,0
954,"[916, 933]",46.8865008038,1
955,"[851, 934]",47.0336082848,1
956,"[925, 917]",47.0594113943,0
957,"[922, 931]",47.0810224616,0
958,"[938, 893]",47.1264489969,1
959,"[935, 924]",47.1842717436,0
960,"[917, 857]",47.3482504611,0
961,"[921, 916]",47.4922554518,1
962,"[895, 939]",47.4989447846,1
963,"[946, 857]",47.8107946941,0
964,"[948, 923]",47.827112224,1
965,"[920, 932]",47.8708707358,0
966,"[952, 942]",47.9025534929,0
967,"[895, 851]",47.9370551379,1
968,"[939, 940]",47.9892068342,1
969,"[950, 939]",48.0906287535,1
970,"[838, 927]",48.1028378764,1
971,"[936, 947]",48.1561133353,1
972,"[944, 948]",48.1974753532,1
973,"[954, 944]",48.2616223308,1
974,"[927, 936]",48.3996136074,1
975,"[939, 954]",48.4875835774,1
976,"[961, 941]",48.5167955075,1
977,"[953, 959]",48.5270501958,0
978,[940],48.5396066643,1
979,"[954, 941]",48.5613085303,1
980,"[954, 936]",48.5989279148,1
981,"[941, 876]",48.609665511,1
982,"[841, 942]",48.6640417079,0
983,"[932, 957]",48.6666302133,0
984,"[951, 960]",48.7154612207,0
985,"[949, 960]",48.7650850237,0
986,"[940, 950]",48.7700794538,1
987,"[923, 947]",48.7988934133,1
988,"[944, 914]",48.9772188736,1
989,"[958, 955]",48.9801284514,1
990,"[943, 957]",49.0749102162,0
991,"[964, 945]",49.0769816076,1
992,"[964, 944]",49.170910188,1
993,"[964, 961]",49.1865629522,1
994,"[959, 949]",49.2154250806,0
995,"[966, 915]",49.2297276355,0
996,"[969, 958]",49.256630341,1
997,"[955, 945]",49.3806102587,1
998,"[961, 968]",49.402444589,1
999,"[972, 961]",49.4477725095,1
1000,"[959, 965]",49.4570923842,0
